{
    "users": [
        {
            "id": 5,
            "name": "Rodrigo Rahman 1",
            "email": "rodrigorahman1@gmail.com",
            "password": "123123",
            "profile": "ADM",
            "work_days": [
                "Seg",
                "Qua"
            ],
            "work_hours": [
                6,
                7,
                8
            ]
        }
    ],
    "adm_users": [],
    "barbershop": [
        {
            "id": 2,
            "user_id": "5",
            "name": "Barbearia X",
            "email": "barbeariax@gmail.com",
            "opening_days": [
                "Seg",
                "Qua",
                "Sab"
            ],
            "opening_hours": [
                6,
                7,
                8,
                9,
                18,
                19,
                20,
                12,
                13
            ]
        }
    ],
    "schedules": [
        {
            "id": 1,
            "barbershop_id": 2,
            "user_id": 5,
            "client_name": "teste",
            "date": "2023-08-09T00:00:00.000Z",
            "time": 8
        }
    ]
}